{
  "basari": {
    "mahalle": 25,
    "secmen": 465773,
    "parti_pct": {
      "AK PARTİ": 34.12993024499059,
      "CHP": 30.165767444656517,
      "YENİDEN REFAH": 3.695362333153704,
      "ZAFER PARTİSİ": 3.0504129694078443,
      "SAADET": 1.0666139943706485,
      "İYİ PARTİ": 1.0260362880630693,
      "BÜYÜK BİRLİK": 1.0891571645415254,
      "TİP": 0.2977845431143497,
      "Diğer": 1.8573425252215134,
      "Geçersiz": 2.620375161291015,
      "Sandığa Gitmeyen": 21.001217331189228
    },
    "gelir": {
      "low": 21,
      "middle": 3,
      "Tasra": 1
    }
  },
  "hedef": {
    "mahalle": 7,
    "secmen": 42097,
    "parti_pct": {
      "AK PARTİ": 33.5107014751645,
      "CHP": 33.971541915100836,
      "YENİDEN REFAH": 2.7151578497280093,
      "ZAFER PARTİSİ": 3.1474926954414806,
      "SAADET": 1.2732498752880252,
      "İYİ PARTİ": 1.2328669501389646,
      "BÜYÜK BİRLİK": 0.9121790151317196,
      "TİP": 0.3373161983039171,
      "Diğer": 1.745967646150557,
      "Geçersiz": 2.004893460341592,
      "Sandığa Gitmeyen": 19.148632919210396
    },
    "gelir": {
      "Tasra": 4,
      "low": 2,
      "middle": 1
    }
  }
}